aspek,span
pelayanan,pelayanannya
rasa,Rasanya
rasa,Rasanya
pelayanan,Pelayanannya
tempat,Tempatnya
pelayanan,Pelayanannya
tempat,tempat
rasa,rasanya
pelayanan,pelayanan
tempat,Tempat
rasa,rasa
tempat,Tempatnya
rasa,rasa
pelayanan,pelayanan
pelayanan,pelayanan
rasa,Rasanya
tempat,Tempatnya
pelayanan,Pelayanannya
tempat,Tempat
tempat,tempat
pelayanan,pelayanan
harga,harganya
rasa,rasa
tempat,Tempat
pelayanan,Pelayanan
tempat,Tempat
tempat,Tempat
pelayanan,pelayanan
tempat,tempat
tempat,Tempat
tempat,Tempatnya
pelayanan,pelayanan
tempat,Tempatnya
pelayanan,pelayanannya
tempat,tempat
tempat,Tempat
pelayanan,pelayanan
tempat,tempatnya
tempat,tempatnya
pelayanan,pelayanan
pelayanan,pelayanan
tempat,tempat
rasa,rasa
harga,harga
pelayanan,Pelayanan
tempat,tempat
tempat,tempatnya
pelayanan,pelayanannya
rasa,terasa
tempat,tempat
pelayanan,pelayanannya
tempat,Tempat
tempat,tempat
tempat,tempat
pelayanan,Pelayanan
tempat,tempatnya
rasa,Rasa
tempat,Tempat
pelayanan,Pelayanan
tempat,tempat
pelayanan,pelayanan
rasa,rasanya
tempat,tempat
tempat,Tempatnya
tempat,tempat
tempat,tempat
rasa,rasanya
harga,hargapun
tempat,tempat
pelayanan,pelayanan
tempat,tempat
tempat,Tempat
pelayanan,pelayan
rasa,rasa
pelayanan,Pelayanannya
harga,harga
rasa,Rasa
rasa,rasa
pelayanan,pelayanan
tempat,Tempat
tempat,tempat
rasa,rasanya
pelayanan,pelayanannya
tempat,tempat
pelayanan,pelayanan
tempat,tempatnya
tempat,tempat
pelayanan,Pelayanan
tempat,tempat
tempat,Tempat
tempat,Tempat
pelayanan,Pelayanan
tempat,Tempat
tempat,Tempat
pelayanan,pelayanan
tempat,Tempatnya
pelayanan,pelayanan
pelayanan,pelayanannya
tempat,Tempatnya
tempat,Tempatnya
pelayanan,pelayanan
harga,harga
tempat,tempatnya
tempat,tempat
pelayanan,pelayanan
harga,harga
tempat,Tempat
pelayanan,pelayanan
pelayanan,pelayanannya
tempat,tempatnya
pelayanan,pelayanan
tempat,tempat
tempat,tempatnya
rasa,rasanya
rasa,rasa
pelayanan,pelayanan
pelayanan,Pelayanan
tempat,tempat
tempat,tempat
pelayanan,Pelayanan
tempat,tempatnya
tempat,Tempat
pelayanan,pelayanan
tempat,Tempat
pelayanan,pelayanan
harga,harganya
pelayanan,pelayanan
rasa,Rasanya
tempat,tempat
tempat,Tempatnya
tempat,Tempatnya
harga,harganya
tempat,Tempatnya
pelayanan,pelayanan
harga,harganya
pelayanan,Pelayanan
rasa,rasanya
tempat,tempatnya
tempat,Tempat
rasa,rasa
pelayanan,pelayanan
tempat,Tempat
rasa,rasanya
pelayanan,pelayanan
tempat,tempat
pelayanan,pelayanan
tempat,Tempat
tempat,tempatnya
pelayanan,pelayanannya
pelayanan,Pelayanannya
tempat,tempatnya
tempat,tempat
tempat,Tempat
tempat,Tempatnya
tempat,Tempatnya
pelayanan,pelayanan
pelayanan,Pelayanan
harga,harga
pelayanan,pelayanan
tempat,Tempat
tempat,tempatnya
tempat,Tempatnya
tempat,ditempat
tempat,Tempatnya
tempat,tempat
pelayanan,pelayanan
tempat,Tempatnya
pelayanan,pelayanannya
rasa,rasa
tempat,Tempat
tempat,tempat
pelayanan,pelayanan
tempat,tempat
tempat,Tempat
tempat,tempat
pelayanan,pelayanan
pelayanan,pelayanan
tempat,tempat
pelayanan,pelayanan
pelayanan,pelayanan
tempat,tempat
pelayanan,Pelayanan
pelayanan,pelayanan
tempat,tempat
pelayanan,pelayanannya
tempat,tempat
tempat,Tempat
harga,harga
tempat,tempat
pelayanan,Pelayanan
pelayanan,Pelayanan
tempat,Tempatnya
tempat,tempat
pelayanan,pelayanannya
tempat,Tempat
pelayanan,Pelayanan
tempat,Tempat
pelayanan,pelayanan
tempat,Tempat
tempat,Tempatnya
tempat,tempat
pelayanan,pelayanannya
rasa,rasanya
pelayanan,pelayanan
harga,harganya
pelayanan,Pelayanan
tempat,Tempat
pelayanan,pelayanan
tempat,Tempatnya
rasa,rasa
pelayanan,pelayanan
tempat,Tempat
tempat,Tempatnya
pelayanan,pelayanannya
pelayanan,Pelayanan
tempat,tempatnya
pelayanan,pelayanan
pelayanan,pelayanannya
tempat,tempat
tempat,tempat
tempat,tempat
pelayanan,pelayanannya
rasa,rasa
pelayanan,pelayanan
tempat,tempatnya
tempat,Tempatnya
pelayanan,pelayanannya
pelayanan,pelayanan
tempat,Tempat
pelayanan,pelayanan
tempat,Tempat
pelayanan,pelayanannya
tempat,Tempat
tempat,tempat
tempat,tempatnya
tempat,tempat
tempat,ditempat
pelayanan,pelayanan
tempat,tempatnya
tempat,tempat
pelayanan,Pelayanannya
tempat,Tempatnya
tempat,tempat
pelayanan,pelayanannya
tempat,Tempatnya
tempat,tempat
pelayanan,pelayanannya
tempat,tempat
pelayanan,pelayanan
pelayanan,Pelayanan
rasa,rasa
tempat,Tempat
tempat,tempat
tempat,Tempat
tempat,Tempat
tempat,tempat
tempat,Tempatnya
pelayanan,Pelayanan
pelayanan,pelayanan
tempat,Tempat
tempat,Tempat
pelayanan,pelayanan
pelayanan,Pelayanan
pelayanan,Pelayanan
pelayanan,pelayanannya
tempat,tempat
pelayanan,Pelayanan
pelayanan,pelayanannya
rasa,Rasanya
pelayanan,Pelayanan
tempat,Tempat
pelayanan,pelayanan
tempat,Tempat
pelayanan,pelayanan
tempat,tempatnya
tempat,tempat
pelayanan,pelayanan
tempat,Tempat
pelayanan,pelayanan
tempat,Tempatnya
rasa,rasa
pelayanan,Pelayanannya
tempat,tempat
tempat,tempat
pelayanan,pelayanan
pelayanan,pelayanan
tempat,tempatnya
tempat,Tempat
pelayanan,Pelayanan
pelayanan,pelayanan
tempat,Tempat
tempat,Tempat
tempat,tempatnya
rasa,rasanya
rasa,rasa
tempat,Tempat
tempat,tempat
pelayanan,pelayanan
tempat,Tempatnya
tempat,Tempat
pelayanan,pelayanan
tempat,tempatnya
tempat,tempat
tempat,Tempatnya
tempat,tempat
tempat,Tempatnya
pelayanan,pelayanannya
pelayanan,pelayanannya
tempat,Tempat
pelayanan,pelayanan
tempat,Tempatnya
pelayanan,pelayanannya
pelayanan,Pelayanan
pelayanan,pelayanan
tempat,Tempat
pelayanan,Pelayanan
pelayanan,Pelayanan
rasa,rasa
pelayanan,Pelayanan
tempat,tempatnya
tempat,tempatnya
pelayanan,pelayanan
tempat,Tempatnya
pelayanan,pelayanannya
tempat,tempatnya
tempat,Tempat
pelayanan,Pelayanan
tempat,Tempatnya
pelayanan,pelayanan
tempat,Tempatnya
pelayanan,pelayanannya
tempat,tempatnya
rasa,rasa
tempat,Tempat
rasa,rasa
pelayanan,pelayanan
tempat,tempat
pelayanan,pelayanannya
pelayanan,pelayananya
tempat,Tempatnya
tempat,tempatnya
tempat,tempatnya
pelayanan,pelayanannya
tempat,tempatnya
rasa,rasa
tempat,Tempat
tempat,Tempat
pelayanan,pelayanan
pelayanan,pelayanan
tempat,Tempat
pelayanan,pelayanan
tempat,Tempat
pelayanan,pelayanannya
harga,Harga
tempat,tempat
pelayanan,Pelayanan
tempat,tempat
rasa,rasa
pelayanan,Pelayanan
pelayanan,pelayan
pelayanan,pelayanannya
tempat,tempat
tempat,pelayanannya
tempat,tempatnya
pelayanan,Pelayanan
tempat,Tempat
pelayanan,pelayanan
tempat,tempat
pelayanan,pelayanan
pelayanan,pelayanannya
tempat,tempat
pelayanan,pelayanan
tempat,Tempat
pelayanan,pelayanan
pelayanan,Pelayanan
pelayanan,pelayanannya
tempat,tempatnya
tempat,tempat
tempat,tempatnya
pelayanan,pelayanannya
tempat,Tempat
pelayanan,pelayanan
pelayanan,pelayananya
tempat,tempatnya
tempat,Tempat
pelayanan,pelayanan
pelayanan,pelayanan
tempat,tempat
pelayanan,pelayanannya
rasa,Rasa
tempat,Tempat
tempat,Tempat
pelayanan,pelayanannya
tempat,tempat
tempat,Tempat
pelayanan,pelayanan
pelayanan,pelayanan
pelayanan,pelayanan
harga,harga
tempat,tempat
tempat,Tempatnya
rasa,rasa
pelayanan,pelayanannya
pelayanan,Pelayanan
tempat,tempatnya
pelayanan,pelayanan
tempat,Tempat
pelayanan,pelayanannya
pelayanan,pelayanannya
tempat,tempatnya
tempat,Tempat
pelayanan,Pelayanan
tempat,Tempat
pelayanan,pelayanan
tempat,tempatnya
pelayanan,pelayanan
tempat,Tempatnya
tempat,tempat
tempat,Tempatnya
pelayanan,pelayanannya
pelayanan,Pelayananya
tempat,tempatnya
pelayanan,pelayanannya
pelayanan,Pelayanan
tempat,tempat
tempat,Tempat
pelayanan,pelayanan
tempat,Tempat
tempat,tempat
tempat,tempat
rasa,Rasa
harga,harga
rasa,rasanya
harga,harganya
pelayanan,pelayanannya
tempat,tempat
pelayanan,pelayanan
tempat,tempatnya
rasa,rasa
pelayanan,Pelayanannya
tempat,tempatnya
tempat,Tempat
pelayanan,pelayanan
tempat,tempatnya
tempat,tempat
pelayanan,pelayanannya
tempat,Tempat
harga,harganya
tempat,Tempatnya
tempat,tempat
pelayanan,Pelayanannya
pelayanan,pelayanan
pelayanan,Pelayanannya
tempat,Tempatnya
tempat,tempat
harga,Harga
rasa,Rasanya
pelayanan,Pelayanan
tempat,tempat
pelayanan,pelayanan
tempat,tempat
tempat,tempat
tempat,tempatnya
pelayanan,pelayanannya
tempat,Tempat
pelayanan,pelayanan
tempat,Tempat
pelayanan,pelayanan
tempat,Tempat
tempat,Tempat
pelayanan,pelayanannya
tempat,tempat
pelayanan,pelayanannya
pelayanan,pelayanan
tempat,tempatnya
tempat,Tempat
harga,harganya
pelayanan,pelayanannya
tempat,Tempat
pelayanan,pelayanannya
pelayanan,Pelayanan
tempat,Tempat
tempat,Tempat
pelayanan,pelayanannya
pelayanan,pelayanan
tempat,ditempat
tempat,tempat
tempat,tempatnya
tempat,Tempat
pelayanan,Pelayanan
pelayanan,pelayananya
tempat,Tempat
pelayanan,Pelayanan
pelayanan,pelayanannya
tempat,Tempatnya
tempat,Tempat
pelayanan,pelayanan
pelayanan,pelayanannya
tempat,tempatnya
pelayanan,pelayanannya
tempat,Tempat
pelayanan,pelayanan
harga,harga
tempat,tempat
rasa,rasanya
pelayanan,pelayananya
tempat,tempat
tempat,Tempat
pelayanan,pelayanannya
tempat,Tempat
tempat,Tempat
pelayanan,pelayanannya
rasa,rasa
pelayanan,Pelayanan
tempat,tempatnya
pelayanan,pelayanannya
tempat,tempat
tempat,Tempatnya
pelayanan,pelayanan
tempat,tempat
pelayanan,pelayanan
tempat,tempat
tempat,Tempatnya
pelayanan,pelayanannya
tempat,tempatnya
pelayanan,pelayanannya
pelayanan,pelayanan
rasa,rasa
tempat,Tempat
pelayanan,pelayanan
tempat,tempatnya
tempat,tempat
tempat,Tempat
harga,harga
pelayanan,pelayanan
pelayanan,Pelayanan
pelayanan,Pelayanannya
tempat,ditempati
tempat,Tempat
pelayanan,pelayanannya
tempat,tempat
pelayanan,pelayanan
tempat,tempat
rasa,Rasa
tempat,Tempatnya
harga,harganya
pelayanan,pelayanan
pelayanan,Pelayanan
tempat,tempat
tempat,Tempatnya
tempat,tempat
harga,harga
tempat,tempat
pelayanan,pelayanan
tempat,tempat
pelayanan,pelayanan
tempat,Tempat
tempat,tempatnya
tempat,tempatnya
tempat,Tempat
tempat,tempatnya
pelayanan,pelayanannya
tempat,tempat
tempat,Tempat
tempat,tempat
tempat,tempatnya
pelayanan,pelayananya
pelayanan,pelayanannya
pelayanan,Pelayanan
tempat,tempat
tempat,Tempat
tempat,tempat
rasa,rasa
pelayanan,pelayanan
tempat,Tempat
tempat,Tempat
pelayanan,pelayanan
rasa,rasa
tempat,Tempat
harga,harga
pelayanan,pelayanan
pelayanan,Pelayanan
tempat,Tempat
pelayanan,Pelayanan
rasa,rasa
pelayanan,pelayanannya
tempat,tempat
tempat,Tempatnya
tempat,tempat
tempat,tempat
tempat,tempatnya
tempat,ketempat
rasa,Rasanya
tempat,tempat
pelayanan,Pelayanannya
tempat,tempat
pelayanan,pelayanannya
tempat,tempat
tempat,Tempat
tempat,Tempatnya
pelayanan,pelayanannya
tempat,Tempat
tempat,Tempat
tempat,tempatnya
tempat,tempat
pelayanan,pelayanan
pelayanan,Pelayanannya
tempat,tempatnya
pelayanan,pelayanan
tempat,Tempat
pelayanan,pelayanan
tempat,tempat
pelayanan,Pelayanan
harga,Harga
rasa,Rasa
tempat,tempat
pelayanan,Pelayanan
pelayanan,pelayanan
tempat,tempat
pelayanan,Pelayanan
tempat,tempat
tempat,Tempatnya
pelayanan,pelayanan
tempat,tempatnya
tempat,Tempatnya
pelayanan,pelayanannya
tempat,tempat
pelayanan,pelayanan
tempat,tempat
rasa,rasa
tempat,tempatnya
harga,harganya
pelayanan,pelayanannya
pelayanan,Pelayanannya
tempat,tempatnya
pelayanan,pelayanan
tempat,tempat
pelayanan,Pelayanan
tempat,tempat
tempat,Tempat
tempat,Tempat
tempat,tempat
tempat,Tempatnya
pelayanan,pelayanan
pelayanan,pelayanannya
tempat,Tempatnya
rasa,rasa
tempat,Tempatnya
pelayanan,Pelayanan
tempat,tempatnya
pelayanan,pelayanannya
pelayanan,pelayanan
tempat,tempat
tempat,tempatnya
tempat,tempat
pelayanan,pelayanan
tempat,Tempatnya
pelayanan,pelayanan
tempat,tempatnya
tempat,Tempat
tempat,tempatnya
rasa,rasa
pelayanan,Pelayannya
rasa,rasanya
rasa,rasa
tempat,Tempat
pelayanan,pelayanan
tempat,Tempat
pelayanan,pelayanan
tempat,tempat
rasa,rasanya
pelayanan,pelayanannya
tempat,tempat
tempat,tempatnya
pelayanan,pelayanan
pelayanan,pelayanan
pelayanan,Pelayanan
rasa,rasa
pelayanan,pelayanan
tempat,tempat
pelayanan,pelayanan
tempat,tempat
pelayanan,Pelayanan
tempat,tempat
pelayanan,Pelayanan
tempat,Tempatnya
tempat,tempat
tempat,tempatnya
pelayanan,Pelayanannya
pelayanan,Pelayanan
tempat,tempatnya
tempat,tempatnya
pelayanan,pelayanannya
pelayanan,pelayanannya
tempat,Tempatnya
pelayanan,pelayanan
tempat,tempat
pelayanan,pelayanan
pelayanan,pelayanan
pelayanan,Pelayanan
tempat,Tempat
pelayanan,pelayanan
tempat,tempat
tempat,tempatnya
pelayanan,pelayanan
tempat,tempat
tempat,tempat
pelayanan,Pelayanan
pelayanan,Pelayanan
pelayanan,pelayanan
pelayanan,pelayananya
pelayanan,pelayanan
rasa,rasa
rasa,terasa
pelayanan,pelayanannya
tempat,tempatnya
tempat,tempat
tempat,tempatnya
pelayanan,pelayanan
pelayanan,pelayanan
pelayanan,pelayanannya
tempat,Tempat
pelayanan,pelayanan
pelayanan,pelayanan
tempat,tempatnya
tempat,tempat
pelayanan,pelayanan
tempat,Tempat
pelayanan,pelayanan
pelayanan,Pelayanan
tempat,tempat
tempat,tempatnya
pelayanan,pelayanannya
tempat,Tempat
tempat,Tempatnya
pelayanan,pelayanannya
tempat,tempat
harga,Harga
pelayanan,Pelayanannya
rasa,rasa
tempat,tempat
pelayanan,pelayanan
tempat,Tempat
pelayanan,pelayanannya
tempat,Tempatnya
pelayanan,pelayanan
tempat,Tempat
pelayanan,pelayanan
pelayanan,pelayanannya
tempat,Tempat
tempat,tempat
pelayanan,Pelayanan
tempat,tempatnya
tempat,tempat
pelayanan,pelayanannya
pelayanan,Pelayanannya
tempat,tempatnya
harga,harga
tempat,tempat
tempat,ketempat
tempat,Tempatnya
pelayanan,pelayanan
tempat,Tempatnya
tempat,Tempat
pelayanan,pelayanannya
tempat,Tempat
pelayanan,pelayanan
rasa,terasa
rasa,rasa
tempat,Tempatnya
pelayanan,Pelayanan
tempat,tempat
tempat,Tempatnya
pelayanan,pelayanannya
tempat,tempatnya
tempat,tempat
tempat,Tempat
pelayanan,pelayanan
pelayanan,Pelayanan
tempat,tempat
tempat,tempatnya
tempat,Tempatnya
tempat,tempat
pelayanan,pelayanannya
tempat,Tempat
harga,harga
tempat,tempat
pelayanan,pelayanan
pelayanan,pelayanan
tempat,tempat
pelayanan,pelayanan
tempat,ditempat
tempat,tempat
harga,Harganya
tempat,Tempat
tempat,Tempat
tempat,Tempatnya
tempat,tempat
pelayanan,Pelayanan
tempat,Tempat
pelayanan,Pelayanannya
tempat,Tempatnya
pelayanan,pelayanannya
pelayanan,pelayanan
harga,harga
tempat,tempat
pelayanan,pelayanannya
tempat,Tempat
pelayanan,pelayanan
tempat,Tempatnya
pelayanan,pelayanan
tempat,Tempatnya
tempat,Tempatnya
tempat,Tempatnya
tempat,Tempat
rasa,rasa
tempat,Tempatnya
tempat,tempat
tempat,Tempat
pelayanan,Pelayanan
pelayanan,pelayanan
tempat,tempat
pelayanan,pelayanannya
tempat,tempatnya
tempat,Tempat
tempat,Tempatnya
pelayanan,pelayanannya
tempat,Tempatnya
tempat,tempat
tempat,Tempatnya
pelayanan,pelayanannya
tempat,Tempatnya
tempat,tempat
pelayanan,pelayanan
tempat,tempatnya
tempat,Tempat
tempat,tempat
tempat,tempatnya
pelayanan,pelayanan
rasa,rasanya
pelayanan,pelayanan
tempat,tempat
tempat,Tempatnya
pelayanan,Pelayananya
tempat,tempatnya
tempat,tempat
pelayanan,Pelayanan
pelayanan,pelayanan
tempat,Tempat
pelayanan,pelayanannya
tempat,Tempatnya
tempat,tempat
pelayanan,pelayanan
tempat,tempat
pelayanan,pelayan
tempat,Tempat
pelayanan,pelayanan
tempat,tempat
pelayanan,pelayanan
pelayanan,pelayanan
pelayanan,Pelayanannya
tempat,Tempat
pelayanan,pelayananya
pelayanan,Pelayanannya
tempat,tempatnya
pelayanan,pelayanannya
pelayanan,pelayanan
tempat,tempat
tempat,tempatnya
tempat,Tempat
tempat,Tempatnya
pelayanan,pelayanan
tempat,tempat
pelayanan,pelayanan
tempat,Tempat
tempat,tempatnya
pelayanan,pelayanannya
tempat,Tempatnya
tempat,tempat
pelayanan,pelayanan
tempat,tempatnya
tempat,Tempat
pelayanan,pelayanan
tempat,Tempat
pelayanan,pelayanannya
tempat,tempat
tempat,Tempat
tempat,Tempat
rasa,rasa
pelayanan,Pelayanannya
tempat,Tempat
tempat,Tempat
pelayanan,pelayanan
pelayanan,pelayanan
tempat,tempat
pelayanan,Pelayanannya
rasa,Rasanya
harga,harga
rasa,Rasanya
pelayanan,Pelayanan
tempat,tempat
tempat,Tempatnya
harga,harga
tempat,tempatnya
tempat,tempat
tempat,Tempat
tempat,Tempat
harga,harganya
rasa,rasa
tempat,tempatnya
pelayanan,Pelayanannya
tempat,tempat
rasa,rasanya
tempat,Tempatnya
pelayanan,Pelayanannya
tempat,tempat
rasa,terasa
tempat,tempat
tempat,tempat
tempat,tempatnya
tempat,tempatn
tempat,Tempatnya
tempat,tempat
pelayanan,Pelayanannya
tempat,tempat
pelayanan,pelayanan
tempat,Tempat
tempat,Tempat
tempat,Tempat
tempat,Tempat
pelayanan,pelayanan
tempat,tempat
rasa,rasa
tempat,tempat
tempat,Tempatnya
pelayanan,pelayanan
pelayanan,Pelayanannya
tempat,Tempatnya
tempat,Tempat
pelayanan,pelayanan
tempat,Tempat
pelayanan,Pelayanan
pelayanan,Pelayanan
tempat,Tempat
rasa,rasa
rasa,rasanya
tempat,Tempatnya
pelayanan,Pelayanan
tempat,tempatnya
pelayanan,pelayanan
pelayanan,pelayanan
pelayanan,pelayanan
pelayanan,pelayanannya
tempat,tempatnya
tempat,tempat
tempat,tempatnya
tempat,Tempatnya
rasa,rasanya
tempat,Tempatnya
harga,Harga
tempat,Tempatnya
tempat,Tempat
pelayanan,pelayanan
pelayanan,Pelayan
pelayanan,pelayannya
pelayanan,pelayanan
harga,harga
rasa,Rasa
harga,Harganya
tempat,Tempat
pelayanan,pelayanannya
pelayanan,pelayanannya
pelayanan,Pelayanan
pelayanan,Pelayanannya
pelayanan,pelayanannya
pelayanan,pelayannya
pelayanan,pelayanannya
tempat,tempatnya
pelayanan,pelayanan
tempat,tempat
tempat,tempat
pelayanan,pelayanan
tempat,tempat
pelayanan,Pelayanan
pelayanan,pelayanan
pelayanan,pelayanan
harga,harga
tempat,Tempat
rasa,rasa
pelayanan,pelayanan
tempat,tempat
tempat,Tempatnya
pelayanan,pelayanan
tempat,Tempat
tempat,tempat
tempat,Tempat
pelayanan,pelayanan
tempat,tempat
tempat,tempat
rasa,rasa
tempat,tempatnya
harga,Harganya
pelayanan,Pelayanannya
tempat,Tempat
harga,harganya
tempat,Tempat
tempat,tempat
tempat,tempat
tempat,Tempat
tempat,tempatnya
harga,harga
pelayanan,pelayanan
rasa,Rasa
pelayanan,pelayanan
tempat,tempat
rasa,Rasanya
pelayanan,Pelayanan
tempat,Tempat
tempat,tempatnya
pelayanan,pelayanannya
pelayanan,Pelayanan
pelayanan,Pelayanan
tempat,tempatnya
pelayanan,pelayanan
tempat,tempat
tempat,Tempat
pelayanan,pelayanan
rasa,rasa
tempat,tempat
tempat,tempat
pelayanan,Layanannya
tempat,tempat
tempat,tempatnya
harga,harga
tempat,Tempat
tempat,tempat
tempat,tempat
tempat,tempatnya
tempat,tempatnya
tempat,tempat
rasa,rasanya
tempat,Tempat
rasa,rasa
tempat,Tempatnya
tempat,tempat
tempat,Tempatnya
tempat,Tempatnya
harga,harga
tempat,tempatnya
pelayanan,pelayanan
tempat,tempat
tempat,Tempatnya
tempat,tempat
rasa,rasa
harga,harga
tempat,Tempatnya
tempat,tempat
pelayanan,pelayanannya
pelayanan,pelayanan
pelayanan,pelayanannya
pelayanan,pelayanan
rasa,rasa
tempat,tempat
tempat,Tempat
tempat,Tempat
tempat,tempatnya
pelayanan,Pelayanannya
pelayanan,pelayanan
tempat,Tempatnya
tempat,tempat
rasa,rasanya
tempat,tempat
pelayanan,pelayanan
harga,harga
rasa,rasa
pelayanan,Pelayanannya
rasa,rasanya
tempat,tempat
tempat,Tempat
harga,Harganya
pelayanan,Pelayanan
tempat,tempat
rasa,perasa
pelayanan,Pelayanan
pelayanan,pelayannya
rasa,rasanya
tempat,tempatnya
pelayanan,pelayanan
tempat,Tempat
tempat,Tempat
tempat,Tempatnya
tempat,tempat
tempat,Tempat
pelayanan,pelayanan
tempat,Tempatnya
pelayanan,pelayanannya
pelayanan,pelayannya
tempat,Tempat
pelayanan,pelayanannya
tempat,Tempatnya
pelayanan,pelayanan
tempat,Tempat
tempat,Tempat
pelayanan,pelayanannya
tempat,tempatnya
tempat,Tempatnya
pelayanan,Pelayanannya
rasa,rasa
tempat,Tempatnya
tempat,Tempatnya
tempat,Tempat
tempat,tempat
rasa,rasa
tempat,tempat
rasa,rasa
tempat,Tempatnya
pelayanan,Pelayanannya
tempat,Tempat
pelayanan,pelayanan
rasa,Rasa
tempat,tempat
pelayanan,Pelayanannya
pelayanan,pelayanannya
tempat,tempat
tempat,tempat
harga,harga
tempat,Tempatnya
tempat,tempat
tempat,tempat
pelayanan,Pelayanan
tempat,Tempatnya
rasa,rasa
tempat,Tempat
tempat,tempat
pelayanan,pelayanannya
tempat,tempat
tempat,tempat
harga,Harga
tempat,tempat
tempat,tempat
pelayanan,Pelayanannya
tempat,tempat
pelayanan,pelayanan
tempat,tempat
tempat,tempat
pelayanan,pelayanan
tempat,Tempatnya
tempat,Tempat
tempat,tempatnya
rasa,Rasa
tempat,tempatnya
tempat,Tempat
pelayanan,Pelayanan
rasa,rasa
tempat,Tempat
tempat,tempatnya
tempat,tempat
pelayanan,pelayanannya
pelayanan,pelayanannya
tempat,tempat
tempat,Tempatnya
rasa,rasanya
tempat,tempat
tempat,Tempat
tempat,tempatnya
tempat,tempat
pelayanan,pelayanannya
tempat,tempat
pelayanan,Pelayanan
tempat,Tempat
tempat,tempatnya
tempat,Tempat
pelayanan,pelayanan
tempat,tempat
pelayanan,pelayanan
tempat,tempat
tempat,tempat
tempat,tempat
rasa,rasa
pelayanan,pelayanan
tempat,tempat
harga,harga
rasa,rasa
pelayanan,Pelayanan
tempat,Tempat
tempat,Tempatnya
harga,harganya
tempat,tempat
tempat,Tempat
pelayanan,pelayanan
tempat,tempat
tempat,tempat
pelayanan,pelayanan
tempat,Tempat
tempat,tempat
tempat,Tempatnya
tempat,tempat
pelayanan,pelayanan
rasa,rasa
tempat,tempat
pelayanan,Pelayanannya
pelayanan,pelayanan
pelayanan,Pelayanan
rasa,rasanya
pelayanan,pelayanannya
tempat,Tempat
pelayanan,pelayanan
tempat,tempat
tempat,tempat
rasa,rasanya
pelayanan,Pelayanan
pelayanan,Pelayanannya
tempat,Tempatnya
pelayanan,pelayanan
harga,harga
tempat,tempat
tempat,tempat
rasa,rasa
pelayanan,pelayanan
tempat,tempat
tempat,Tempat
pelayanan,pelayanan
tempat,Tempat
pelayanan,Pelayanannya
tempat,tempat
rasa,rasanya
tempat,Tempat
pelayanan,pelayanan
pelayanan,pelayanan
tempat,Tempat
tempat,Tempatnya
tempat,Tempatnya
tempat,tempat
pelayanan,Layanan
pelayanan,Pelayanannya
tempat,Tempat
tempat,tempat
tempat,tempat
harga,harganya
tempat,tempat
rasa,rasa
tempat,tempat
harga,harga
rasa,rasa
tempat,Tempat
harga,harganya
tempat,Tempatnya
rasa,rasa
harga,harga
tempat,Tempat
rasa,Rasanya
tempat,Tempat
tempat,tempat
tempat,tempatnya
tempat,Tempatnya
rasa,rasa
tempat,tempat
tempat,tempatnya
tempat,Tempat
tempat,tempat
pelayanan,pelayanan
pelayanan,pelayanannya
pelayanan,Pelayanan
rasa,terasa
pelayanan,pelayanannya
rasa,Rasanya
tempat,tempatnya
tempat,tempat
tempat,tempatnya
tempat,tempat
tempat,tempat
tempat,tempat
tempat,Tempatnya
tempat,tempat
pelayanan,pelayanannya
tempat,Tempatnya
tempat,tempat
tempat,Tempat
tempat,Tempat
rasa,Rasa
tempat,Tempat
pelayanan,layanan
tempat,Tempatnya
rasa,rasa
tempat,tempat
tempat,Tempatnya
pelayanan,pelayanannya
tempat,Tempat
pelayanan,pelayanan
harga,harga
tempat,tempat
pelayanan,pelayanan
tempat,tempatnya
tempat,tempat
tempat,Tempatnya
tempat,tempat
tempat,tempat
rasa,rasanya
tempat,Tempat
harga,harga
rasa,rasanya
pelayanan,pelayanannya
pelayanan,pelayanannya
tempat,Tempatnya
pelayanan,pelayanan
pelayanan,pelayanan
tempat,tempatnya
tempat,tempat
tempat,tempat
pelayanan,Pelayanan
harga,harganya
tempat,Tempat
tempat,tempat
pelayanan,pelayanan
harga,Harganya
tempat,Tempat
rasa,rasanya
tempat,tempat
tempat,tempat
pelayanan,pelayanan
tempat,tempatnya
tempat,Tempat
pelayanan,pelayanan
tempat,tempat
rasa,Rasa
tempat,Tempat
tempat,tempat
pelayanan,Pelayanan
tempat,tempat
tempat,tempatnya
tempat,tempat
tempat,Tempat
tempat,tempat
tempat,Tempat
tempat,tempat
tempat,tempat
tempat,Tempat
tempat,Tempatnya
harga,harganya
tempat,tempat
tempat,tempat
pelayanan,pelayanannya
rasa,rasanya
pelayanan,pelayanannya
harga,harga
tempat,tempatnya
pelayanan,"pelayanannya
"
pelayanan,pelayanan
pelayanan,Pelayanan
tempat,tempat
tempat,tempat
pelayanan,pelayanan
pelayanan,Pelayanan
tempat,tempat
tempat,tempatnya
tempat,tempat
pelayanan,Pelayanannya
harga,harga
pelayanan,pelayanan
tempat,Tempatnya
tempat,Tempatnya
tempat,Tempat
tempat,tempat
pelayanan,layanan
tempat,Tempatnya
tempat,Tempat
pelayanan,pelayanan
harga,harga
pelayanan,pelayanan
harga,harga
tempat,Tempat
tempat,tempatnya
tempat,tempat
pelayanan,Pelayanan
tempat,Tempatnya
rasa,rasanya
pelayanan,pelayanan
tempat,Tempat
pelayanan,pelayanan
tempat,tempat
tempat,tempat
pelayanan,pelayanan
tempat,Tempatnya
pelayanan,Pelayanan
harga,harga
tempat,tempat
tempat,Tempatnya
tempat,tempat
pelayanan,pelayanannya
tempat,tempatnya
tempat,Tempat
tempat,tempat
rasa,rasa
tempat,tempatnya
pelayanan,Pelayanannya
tempat,tempat
pelayanan,pelayanannya
tempat,Tempat
pelayanan,pelayan
tempat,tempat
pelayanan,pelayanan
rasa,Rasa
tempat,Tempat
tempat,Tempat
harga,Harga
pelayanan,pelayanan
tempat,tempat
tempat,tempat
tempat,tempatnya
tempat,Tempat
pelayanan,pelayanananya
tempat,tempatnya
pelayanan,pelayanannya
tempat,tempat
pelayanan,pelayanan
tempat,tempat
rasa,Rasa
tempat,tempatnya
pelayanan,Pelayanan
tempat,tempat
rasa,rasa
harga,hrga
pelayanan,pelayanan
harga,harga
tempat,tempat
rasa,rasanya
tempat,tempat
pelayanan,Pelayanan
tempat,Tempat
pelayanan,pelayanan
pelayanan,Pelayanan
harga,hargai
pelayanan,pelayanan
pelayanan,Pelayanan
tempat,tempat
pelayanan,pelayanan
tempat,Tempatnya
tempat,tempat
tempat,tempat
tempat,tempat
rasa,rasa
tempat,tempat
tempat,tempat
pelayanan,pelayanannya
harga,harga
pelayanan,layanannya
tempat,tempat
tempat,tempat
pelayanan,Pelayanannya
tempat,tempat
harga,Harga
tempat,Tempat
harga,harganya
pelayanan,pelayanannya
harga,Harganya
rasa,rasanya
pelayanan,pelayanan
pelayanan,Pelayanannya
tempat,Tempat
tempat,tempatnya
tempat,tempat
harga,Harga
harga,Harganya
tempat,Tempatnya
pelayanan,pelayanan
rasa,rasa
tempat,tempatnya
tempat,tempatnya
tempat,tempat
harga,Harga
tempat,tempat
tempat,Tempatnya
rasa,rasanya
tempat,tempat
tempat,Tempat
pelayanan,Pelayanan
pelayanan,pelayanan
pelayanan,pelayanan
tempat,tempat
tempat,tempat
pelayanan,pelayanan
pelayanan,pelayanannya
tempat,tempatnya
pelayanan,pelayanannya
pelayanan,pelayanan
tempat,tempat
rasa,Rasa
rasa,Rasa
tempat,Tempat
harga,harga
tempat,Tempatnya
pelayanan,Pelayanannya
tempat,Tempat
harga,harga
harga,Harga
pelayanan,pelayanan
pelayanan,pelayanan
tempat,tempatnya
tempat,Tempat
pelayanan,pelayanannya
tempat,tempatnya
pelayanan,pelayanan
tempat,Tempat
tempat,Tempat
tempat,Tempat
pelayanan,Pelayanan
tempat,Tempat
tempat,Tempat
harga,harga
tempat,tempat
harga,Harga
pelayanan,pelayanan
tempat,Tempatnya
tempat,tempatnya
pelayanan,pelayanannya
pelayanan,pelayanan
tempat,tempat
tempat,tempat
harga,harga
tempat,tempat
tempat,Tempat
harga,harga
tempat,tempat
pelayanan,pelayanan
harga,harga
rasa,rasa
tempat,tempat
tempat,tempat
rasa,rasa
tempat,Tempat
rasa,rasanya
tempat,tempatnya
pelayanan,Pelayanannya
tempat,Tempat
tempat,tempat
harga,harga
tempat,Tempat
rasa,rasa
harga,harga
tempat,tempat
tempat,Tempat
rasa,rasa
tempat,tempat
harga,harga
tempat,tempat
pelayanan,Pelayanan
pelayanan,pelayan
tempat,Tempat
tempat,tempatnya
harga,harga
pelayanan,pelayanan
tempat,Tempat
tempat,tempat
pelayanan,pelayanan
harga,harga
rasa,rasa
tempat,Tempatnya
tempat,tempat
pelayanan,pelayanan
tempat,Tempatnya
pelayanan,pelayanan
rasa,rasanya
tempat,Tempat
tempat,Tempat
harga,Harganya
harga,Harga
tempat,Tempatnya
tempat,tempatnya
harga,harga
rasa,rasa
rasa,rasa
harga,harga
pelayanan,pelayanan
tempat,tempat
tempat,Tempatnya
harga,harga
pelayanan,pelayanan
tempat,Tempat
tempat,tempat
tempat,Tempatnya
pelayanan,Pelayanan
pelayanan,pelayanannya
tempat,tempatnya
rasa,rasa
tempat,Tempatny
harga,Harga
tempat,Tempat
pelayanan,pelayanannya
tempat,tempat
tempat,tempatnya
rasa,rasanya
pelayanan,pelayanan
rasa,Rasanya
tempat,tempat
tempat,Tempat
tempat,tempat
pelayanan,pelayanan
tempat,tempat
tempat,Tempatnya
pelayanan,pelayanan
tempat,Tempatnya
tempat,tempat
harga,harga
tempat,Tempatnya
tempat,tempat
pelayanan,"pelayanannya
"
pelayanan,Pelayanan
tempat,tempat
tempat,tempatnya
tempat,tempat
rasa,rasanya
tempat,tempatnya
pelayanan,pelayanan
tempat,Tempat
pelayanan,Pelayanan
harga,Harga
pelayanan,pelayanannya
tempat,tempat
rasa,Rasa
harga,Harga
pelayanan,pelayanannya
tempat,tempat
tempat,Tempatnya
pelayanan,pelayanan
pelayanan,pelayanan
tempat,Tempat
rasa,rasa
rasa,rasa
rasa,rasain
harga,buharga
tempat,Tempatnya
pelayanan,Pelayanannya
harga,Harga
tempat,tempatnya
harga,Harga
rasa,rasanya
tempat,tempat
tempat,Tempatnya
pelayanan,Pelayanan
harga,Harga
tempat,Tempat
tempat,Tempatnya
pelayanan,Pelayanan
tempat,tempat
tempat,tempat
rasa,rasanya
rasa,rasa
tempat,tempat
pelayanan,pelayanan
rasa,rasa
tempat,tempat
tempat,Tempat
pelayanan,pelayanan
tempat,tempatnya
harga,harga
tempat,tempatnya
tempat,tempat
pelayanan,pelayanan
tempat,Tempatnya
tempat,ketempat
tempat,tempatnya
tempat,Tempatnya
pelayanan,Pelayannya
tempat,Tempat
harga,harga
rasa,Rasanya
tempat,tempatnya
tempat,tempat
rasa,rasa
harga,harga
pelayanan,pelayanan
tempat,Tempatnya
harga,harga
pelayanan,pelayanannya
tempat,tempat
rasa,rasanya
tempat,Tempat
tempat,Tempatnya
harga,harga
pelayanan,pelayanan
tempat,tempatnya
tempat,tempat
harga,harga
tempat,Tempat
tempat,Tempatnya
pelayanan,pelayanannya
tempat,Tempat
harga,harganya
pelayanan,pelayanannya
tempat,Tempatnya
rasa,rasa
pelayanan,pelayanannya
tempat,tempat
pelayanan,pelayanan
tempat,tempat
harga,Harga
pelayanan,pelayanan
tempat,Tempat
tempat,tempat
tempat,tempatnya
pelayanan,pelayanannya
tempat,tempat
pelayanan,Pelayanannya
tempat,Tempatnya
tempat,Tempat
tempat,Tempat
pelayanan,pelayanan
pelayanan,Pelayanan
tempat,tempat
tempat,Tempatnya
tempat,Tempatnya
tempat,tempat
pelayanan,pelayanan
tempat,tempatnya
pelayanan,pelayanannya
harga,harga
rasa,rasa
tempat,tempat
tempat,tempat
tempat,Tempatnya
rasa,rasa
tempat,tempat
tempat,Tempatnya
harga,Harga
harga,harga
pelayanan,pelayanannya
tempat,tempat
pelayanan,pelayanan
tempat,Tempatnya
tempat,Tempatnya
pelayanan,Pelayanan
rasa,rasa
tempat,tempatnya
harga,harga
harga,Harga
rasa,rasa
pelayanan,pelayanan
tempat,Tempatnya
tempat,tempat
tempat,Tempat
harga,harga
tempat,Tempatnya
tempat,tempat
tempat,tempat
rasa,Rasanya
tempat,Tempatnya
harga,harganya
pelayanan,pelayanannya
tempat,tempat
tempat,tempatnya
tempat,tempatnya
harga,harganya
tempat,tempat
tempat,tempatnya
tempat,tempat
tempat,tempatnya
harga,harga
rasa,rasa
tempat,tempatnya
tempat,tempatnya
pelayanan,pelayanan
tempat,tempat
tempat,tempatnya
tempat,tempatnya
pelayanan,pelayanannya
tempat,tempatnya
harga,harganya
harga,harga
harga,harga
rasa,rasa
tempat,tempat
harga,harga
tempat,tempat
rasa,rasa
pelayanan,pelayanan
tempat,tempat
harga,harga
tempat,tempat
tempat,tempat
pelayanan,pelayanan
tempat,tempat
tempat,tempat
tempat,tempat
tempat,tempatnya
tempat,tempat
tempat,tempat
pelayanan,pelayanannya
harga,harga
rasa,rasa
tempat,tempatnya
tempat,tempat
harga,harga
tempat,tempatnya
tempat,tempat
tempat,tempatnya
harga,harga
tempat,tempat
tempat,tempat
tempat,tempatnya
rasa,rasa
tempat,tempat
tempat,tempatnya
tempat,tempat
harga,harga
tempat,tempat
tempat,tempat
pelayanan,pelayanannya
tempat,tempat
harga,harga
tempat,tempat
rasa,rasa
rasa,rasa
tempat,tempat
tempat,tempatnya
harga,harganya
tempat,tempat
rasa,rasa
harga,harga
harga,harganya
tempat,tempat
tempat,tempat
tempat,tempatnya
tempat,tempatnya
tempat,tempat
tempat,Tempat
pelayanan,pelayanannya
rasa,rasa
rasa,berasa
tempat,tempat
harga,Harga
pelayanan,pelayanannya
tempat,tempat
tempat,tempat
rasa,rasa
tempat,tempat
tempat,Tempatnya
tempat,tempat
harga,harga
tempat,tempat
harga,harga
tempat,tempat
pelayanan,pelayanan
harga,harga
tempat,tempat
tempat,tempatnya
rasa,rasa
pelayanan,pelayanan
tempat,tempat
tempat,tempatnya
harga,harga
tempat,tempatnya
tempat,tempatnya
tempat,tempat
tempat,tempatnya
tempat,tempatnya
tempat,tempatnya
rasa,rasa
tempat,tempatnya
pelayanan,pelayanan
pelayanan,pelayanan
rasa,rasanya
rasa,terasa
tempat,tempatnya
pelayanan,pelayanan
tempat,tempatnya
tempat,tempatnya
tempat,tempat
harga,harga
tempat,tempatnya
tempat,tempatnya
pelayanan,pelayanan
pelayanan,pelayanannya
rasa,rasanya
pelayanan,pelayanan
tempat,tempatnya
tempat,tempat
harga,harga
harga,harga
harga,harga
tempat,tempat
tempat,tempatnya
harga,harga
pelayanan,pelayanan
rasa,rasa
tempat,tempat
rasa,rasa
tempat,tempat
pelayanan,pelayanannya
pelayanan,pelayanannya
tempat,tempatnya
tempat,tempatnya
pelayanan,pelayanan
tempat,tempatnya
tempat,tempat
harga,harga
rasa,rasa
pelayanan,pelayanan
tempat,tempat
pelayanan,pelayanannya
tempat,tempatnya
tempat,tempatnya
rasa,rasa
tempat,tempatnya
tempat,tempatnya
tempat,tempat
pelayanan,pelayanan
tempat,tempat
pelayanan,pelayanan
pelayanan,pelayannya
tempat,tempat
rasa,rasanya
harga,harga
tempat,tempat
tempat,tempatnya
tempat,tempat
pelayanan,pelayanan
harga,harga
rasa,rasa
harga,harga
tempat,tempat
tempat,tempat
tempat,tempat
tempat,tempat
pelayanan,pelayanan
pelayanan,pelayanan
tempat,tempat
tempat,tempatnya
tempat,tempat
pelayanan,pelayanannya
tempat,tempatnya
pelayanan,pelayanan
tempat,tempat
tempat,tempatnya
pelayanan,pelayanannya
tempat,tempat
tempat,tempat
rasa,rasa
tempat,tempat
pelayanan,pelayanan
harga,harga
tempat,tempat
tempat,tempatnya
tempat,tempatnya
tempat,tempat
tempat,tempatnya
tempat,tempat
tempat,tempat
tempat,tempat
tempat,tempatnya
harga,harga
tempat,tempat
pelayanan,pelayanan
tempat,tempat
tempat,tempatnya
pelayanan,pelayanan
tempat,tempat
tempat,tempatnya
tempat,tempatnya
tempat,tempat
tempat,tempat
tempat,tempatnya
pelayanan,pelayanannya
pelayanan,pelayanan
pelayanan,pelayanan
tempat,tempat
harga,harganya
pelayanan,pelayanannya
pelayanan,pelayanan
tempat,tmptny
pelayanan,pelayanan
tempat,tempat
harga,harga
tempat,tempatnya
pelayanan,pelayanan
pelayanan,pelayanan
tempat,tempat
tempat,tempatnya
tempat,tempat
tempat,tempat
tempat,tempatnya
tempat,tempat
pelayanan,pelayanan
tempat,tempatnya
pelayanan,pelayanan
tempat,tempat
harga,harga
tempat,tempat
pelayanan,pelayanan
pelayanan,pelayanannya
harga,harga
pelayanan,pelayanannya
tempat,tempat
rasa,terasa
pelayanan,pelayan
rasa,rasa
tempat,tempat
pelayanan,pelayanan
tempat,tempat
harga,harga
rasa,rasa
tempat,tempat
tempat,tempatnya
harga,harga
pelayanan,pelayanan
harga,harga
tempat,tempatnya
pelayanan,pelayanan
harga,harga
rasa,rasanya
tempat,tempatnya
tempat,tempatnya
tempat,tempatnya
pelayanan,pelayanan
tempat,tempat
pelayanan,pelayanan
rasa,rasanya
rasa,rasa
tempat,tempatnya
harga,harganya
pelayanan,pelayanan
rasa,rasanya
tempat,tempat
tempat,tempat
pelayanan,pelayanan
tempat,tempat
tempat,tempat
pelayanan,pelayanan
tempat,tempat
harga,harga
tempat,tempat
tempat,tempat
pelayanan,pelayanannya
tempat,tempat
pelayanan,pelayanannya
rasa,rasanya
harga,harga
pelayanan,pelayanan
rasa,serasa
harga,harga
tempat,tempatnya
tempat,tempat
pelayanan,pelayanannya
tempat,tempat
rasa,rasa
tempat,tempat
tempat,tempatnya
pelayanan,pelayanan
pelayanan,pelayanan
pelayanan,pelayanan
harga,harga
pelayanan,pelayanan
tempat,tempat
tempat,tempat
pelayanan,pelayanan
tempat,tempatnya
rasa,rasanya
tempat,tempat
tempat,tempatnya
pelayanan,pelayanan
harga,harga
harga,harga
tempat,tempat
tempat,tempatnya
pelayanan,pelayanannya
tempat,tempatnya
tempat,tempatnya
tempat,tempat
rasa,rasa
harga,harga
tempat,tempat
harga,harga
tempat,tempatnya
harga,harga
tempat,tempat
harga,harganya
rasa,rasanya
tempat,tempat
pelayanan,pelayanan
harga,harga
tempat,tempatnya
pelayanan,pelayanannya
rasa,rasa
pelayanan,pelayanan
tempat,tempatnya
tempat,tempat
tempat,tempat
pelayanan,pelayananya
rasa,rasa
pelayanan,pelayanan
harga,harganya
tempat,tempat
tempat,tempatnya
tempat,tempat
tempat,tempat
tempat,tempatnya
harga,harga
harga,harga
tempat,tempatnya
tempat,tempatnya
tempat,tempat
harga,harga
tempat,tempatnya
pelayanan,pelayanan
pelayanan,pelayanannya
tempat,tempatnya
tempat,tempat
pelayanan,pelayanan
tempat,tempatnya
tempat,tempat
pelayanan,pelayanan
tempat,tempatnya
tempat,tempat
rasa,rasa
harga,harga
pelayanan,pelayanan
rasa,kerasa
pelayanan,pelayanan
tempat,tempatnya
tempat,tempatnya
tempat,tempat
tempat,tempatnya
tempat,tempat
tempat,tempat
pelayanan,pelayanan
harga,harga
rasa,rasanya
tempat,tempatnya
harga,harga
harga,harga
pelayanan,pelayanan
tempat,tempat
tempat,tempatnya
rasa,rasa
pelayanan,pelayanannya
rasa,rasa
tempat,tempatnya
harga,harga
tempat,tempat
tempat,tempat
rasa,rasa
pelayanan,pelayanan
tempat,tempat
rasa,rasanya
tempat,tempatnya
tempat,tempat
rasa,rasanya
tempat,tempat
pelayanan,pelayanan
tempat,tempat
tempat,tempatnya
harga,harganya
pelayanan,pelayanan
tempat,tempat
tempat,tempat
tempat,tempat
tempat,tempat
tempat,tempatnya
pelayanan,pelayanan
tempat,tempat
tempat,tempat
harga,harga
pelayanan,pelayanan
tempat,tempatnya
rasa,rasanya
harga,harga
tempat,tempat
pelayanan,pelayanan
tempat,tempat
tempat,tempat
tempat,tempatnya
harga,harganya
rasa,rasanya
harga,harganya
tempat,tempat
tempat,tempatnya
pelayanan,pelayanan
harga,harga
tempat,tempatnya
tempat,tempatnya
pelayanan,pelayanan
harga,harga
tempat,tempatnya
tempat,tempatnya
pelayanan,pelayanannya
tempat,tempatnya
harga,harga
tempat,tempatnya
tempat,tempat
rasa,rasanya
harga,harga
harga,harganya
tempat,tempat
tempat,tempatnya
pelayanan,pelayanannya
tempat,tempat
tempat,tempatnya
pelayanan,pelayanannya
harga,harga
tempat,tempat
tempat,tempat
harga,harga
harga,harganya
tempat,tempatnya
tempat,tempat
tempat,tempatnya
tempat,tmpt
tempat,tempatnya
harga,harga
tempat,tempatnya
tempat,tempat
tempat,tempat
tempat,tempat
tempat,tempatnya
harga,harganya
tempat,tempatnya
harga,harganya
pelayanan,pelayanannya
tempat,tempatnya
tempat,tempat
tempat,tempat
harga,harga
pelayanan,pelayanan
tempat,tempat
pelayanan,pelayanya
rasa,rasanya
harga,harganya
tempat,tempatnya
harga,harga
tempat,tempat
tempat,tempat
tempat,tempatnya
tempat,tempat
tempat,tempatnya
pelayanan,pelayanannya
tempat,tempat
harga,harga
tempat,tempat
pelayanan,pelayanannya
pelayanan,pelayanan
tempat,tempatnya
tempat,tempat
harga,harga
tempat,tempatnya
harga,harga
pelayanan,pelayanannya
tempat,tempat
tempat,tempatnya
tempat,tempat
tempat,tempatnya
tempat,tempat
tempat,tempatnya
tempat,tempat
pelayanan,pelayanannya
tempat,tempat
harga,harga
tempat,tempat
rasa,rasa
rasa,rasa
pelayanan,pelayanan
pelayanan,pelayannya
tempat,tempatnya
tempat,tempat
rasa,rasa
tempat,tempat
rasa,rasanya
tempat,tempat
pelayanan,pelayanan
tempat,tempat
rasa,rasa
pelayanan,pelayanan
pelayanan,pelayanannya
harga,harganya
harga,harga
rasa,rasa
pelayanan,pelayanannya
harga,harga
tempat,tempatnya
pelayanan,pelayanannya
rasa,rasanya
tempat,tempat
tempat,tempat
harga,harganya
pelayanan,pelayanannya
tempat,tempat
tempat,tempatnya
pelayanan,pelayanan
tempat,tempat
tempat,tempat
tempat,tempatnya
tempat,tempat
harga,harga
tempat,tempat
pelayanan,pelayanan
harga,harga
tempat,tempat
tempat,tempatnya
pelayanan,pelayanannya
tempat,tempatnya
harga,harganya
tempat,tempat
tempat,tempat
rasa,rasa
tempat,tempat
pelayanan,pelayanan
tempat,tempat
tempat,tempat
tempat,tempatnya
rasa,rasanya
tempat,tempat
rasa,rasanya
tempat,tempat
tempat,tempat
harga,harganya
tempat,tempat
tempat,tempat
tempat,tempat
tempat,tempatnya
rasa,rasa
pelayanan,pelayanannya
tempat,tempat
harga,harganya
tempat,tempatnya
tempat,tempat
pelayanan,pelayanan
tempat,tempatnya
harga,harga
tempat,tempat
pelayanan,pelayanan
tempat,tempat
harga,harga
rasa,rasa
tempat,tempatnya
tempat,tempat
rasa,rasa
harga,harga
harga,harga
tempat,tempat
harga,harganya
tempat,tempat
tempat,tempatnya
tempat,tempat
tempat,tempat
tempat,tempat
tempat,tempat
pelayanan,pelayanan
rasa,rasa
pelayanan,pelayanannya
tempat,tempat
pelayanan,pelayanannya
tempat,tempat
pelayanan,pelayanan
tempat,tempat
tempat,tempat
harga,harga
rasa,rasanya
rasa,rasanya
rasa,rasa
tempat,tempat
pelayanan,pelayanan
pelayanan,pelayanan
rasa,rasa
tempat,tempat
rasa,rasa
harga,harganya
tempat,tempat
harga,harganya
tempat,tempatnya
pelayanan,pelayanan
tempat,tempat
tempat,tempatnya
pelayanan,pelayanan
pelayanan,pelayanan
tempat,tempatnya
tempat,tempat
tempat,tempat
tempat,tempat
harga,harga
tempat,tempat
tempat,tempat
tempat,tempat
tempat,tempat
tempat,tempatnya
harga,harga
pelayanan,pelayanan
tempat,tempat
harga,harga
tempat,tempat
harga,harga
tempat,tempatnya
tempat,tempat
pelayanan,pelayanan
harga,harga
tempat,tempat
tempat,tempat
tempat,tempatnya
harga,harganya
tempat,tempat
pelayanan,pelayanan
rasa,rasanya
rasa,rasanya
tempat,tempat
harga,harga
rasa,rasanya
tempat,tempat
harga,harganya
tempat,tempat
tempat,tempat
tempat,tempat
tempat,tempat
tempat,tempatnya
harga,harganya
tempat,tempat
tempat,tempatnya
rasa,rasanya
pelayanan,pelayanan
tempat,tempatnya
tempat,tempatnya
tempat,tempatnya
tempat,tempatnya
tempat,tempat
pelayanan,pelayanan
harga,harga
rasa,rasa
tempat,tempat
harga,harga
harga,harga
tempat,tempat
harga,harga
rasa,rasa
rasa,rasanya
tempat,tempat
harga,harga
pelayanan,pelayanan
harga,harga
tempat,tempatnya
pelayanan,pelayanan
rasa,rasa
tempat,tempat
rasa,rasa
tempat,tempat
harga,harganya
tempat,tempatnya
rasa,rasanya
tempat,tempatnya
tempat,tempat
tempat,tempatnya
rasa,rasanya
tempat,tempat
pelayanan,pelayanan
tempat,tempatnya
tempat,tempat
tempat,tempat
pelayanan,pelayanan
tempat,tempatnya
pelayanan,pelayanannya
rasa,rasanya
tempat,tempat
tempat,tempat
tempat,tempat
tempat,tempatnya
tempat,tempatnya
harga,harga
tempat,tempat
tempat,tempatnya
pelayanan,pelayanannya
tempat,tempat
tempat,tempat
pelayanan,pelayanannya
tempat,tempatnya
tempat,tempat
tempat,tempat
pelayanan,pelayanan
tempat,tempatnya
tempat,tempat
rasa,rasa
rasa,rasanya
tempat,tempat
tempat,tempat
tempat,tempatnya
tempat,tempat
harga,harganya
tempat,tempatnya
harga,harga
tempat,tempatnya
rasa,rasa
harga,harga
tempat,tempat
tempat,tempat
harga,harganya
harga,harga
harga,harga
pelayanan,pelayanan
tempat,tempatnya
rasa,rasanya
tempat,tempat
harga,harganya
rasa,rasanya
rasa,rasanya
tempat,tempat
tempat,tempat
rasa,rasanya
pelayanan,pelayanannya
rasa,rasa
tempat,tempat
rasa,rasanya
harga,harganya
rasa,rasanya
tempat,tempat
tempat,tempat
tempat,tempat
tempat,tempat
tempat,tempat
rasa,rasa
tempat,tempat
rasa,rasa
rasa,rasa
rasa,rasa
pelayanan,pelayanannya
rasa,rasanya
rasa,rasa
tempat,tempat
tempat,tempat
rasa,rasanya
tempat,tempat
rasa,rasa
rasa,rasanya
pelayanan,pelayanan
tempat,tempat
tempat,tempat
pelayanan,pelayanan
tempat,tempat
rasa,rasa
pelayanan,pelayanan
pelayanan,pelayanan
pelayanan,pelayanan
tempat,tempat
tempat,tempat
rasa,rasa
pelayanan,pelayanan
tempat,tempat
tempat,tempat
pelayanan,pelayanan
rasa,rasa
pelayanan,pelayanan
tempat,tempat
tempat,tempat
rasa,rasa
harga,harga
tempat,tempat
rasa,rasa
pelayanan,pelayanannya
tempat,tempatnya
tempat,tempatnya
harga,harganya
pelayanan,pelayanannya
harga,harganya
tempat,tempat
tempat,tempat
tempat,tempat
pelayanan,pelayanan
harga,harga
tempat,tempatnya
tempat,tempat
tempat,tempatnya
tempat,tempat
tempat,tempat
tempat,tempat
rasa,rasa
tempat,tempat
tempat,tempat
tempat,tempat
tempat,tempat
tempat,tempat
rasa,rasanya
tempat,tempat
pelayanan,pelayanan
tempat,tempat
rasa,rasakan
tempat,tempat
tempat,tempat
tempat,tempatnya
tempat,tempat
rasa,rasanya
tempat,tempatnya
tempat,tempat
tempat,tempat
tempat,tempat
rasa,rasa
pelayanan,pelayanan
tempat,tempat
pelayanan,pelayanan
tempat,tempat
tempat,tempatnya
